year	year_id	division_id	school_id	school_name	school_url
2016	12240	11	721	Air Force	http://stats.ncaa.org/team/index/12240?org_id=721
2016	12240	11	5	Akron	http://stats.ncaa.org/team/index/12240?org_id=5
2016	12240	11	8	Alabama	http://stats.ncaa.org/team/index/12240?org_id=8
2016	12240	11	27	Appalachian St.	http://stats.ncaa.org/team/index/12240?org_id=27
2016	12240	11	29	Arizona	http://stats.ncaa.org/team/index/12240?org_id=29
2016	12240	11	28	Arizona St.	http://stats.ncaa.org/team/index/12240?org_id=28
2016	12240	11	31	Arkansas	http://stats.ncaa.org/team/index/12240?org_id=31
2016	12240	11	30	Arkansas St.	http://stats.ncaa.org/team/index/12240?org_id=30
2016	12240	11	725	Army West Point	http://stats.ncaa.org/team/index/12240?org_id=725
2016	12240	11	37	Auburn	http://stats.ncaa.org/team/index/12240?org_id=37
2016	12240	11	77	BYU	http://stats.ncaa.org/team/index/12240?org_id=77
2016	12240	11	47	Ball St.	http://stats.ncaa.org/team/index/12240?org_id=47
2016	12240	11	51	Baylor	http://stats.ncaa.org/team/index/12240?org_id=51
2016	12240	11	66	Boise St.	http://stats.ncaa.org/team/index/12240?org_id=66
2016	12240	11	67	Boston College	http://stats.ncaa.org/team/index/12240?org_id=67
2016	12240	11	71	Bowling Green	http://stats.ncaa.org/team/index/12240?org_id=71
2016	12240	11	86	Buffalo	http://stats.ncaa.org/team/index/12240?org_id=86
2016	12240	11	107	California	http://stats.ncaa.org/team/index/12240?org_id=107
2016	12240	11	129	Central Mich.	http://stats.ncaa.org/team/index/12240?org_id=129
2016	12240	11	458	Charlotte	http://stats.ncaa.org/team/index/12240?org_id=458
2016	12240	11	140	Cincinnati	http://stats.ncaa.org/team/index/12240?org_id=140
2016	12240	11	147	Clemson	http://stats.ncaa.org/team/index/12240?org_id=147
2016	12240	11	157	Colorado	http://stats.ncaa.org/team/index/12240?org_id=157
2016	12240	11	156	Colorado St.	http://stats.ncaa.org/team/index/12240?org_id=156
2016	12240	11	193	Duke	http://stats.ncaa.org/team/index/12240?org_id=193
2016	12240	11	196	East Carolina	http://stats.ncaa.org/team/index/12240?org_id=196
2016	12240	11	204	Eastern Mich.	http://stats.ncaa.org/team/index/12240?org_id=204
2016	12240	11	231	FIU	http://stats.ncaa.org/team/index/12240?org_id=231
2016	12240	11	229	Fla. Atlantic	http://stats.ncaa.org/team/index/12240?org_id=229
2016	12240	11	235	Florida	http://stats.ncaa.org/team/index/12240?org_id=235
2016	12240	11	234	Florida St.	http://stats.ncaa.org/team/index/12240?org_id=234
2016	12240	11	96	Fresno St.	http://stats.ncaa.org/team/index/12240?org_id=96
2016	12240	11	253	Ga. Southern	http://stats.ncaa.org/team/index/12240?org_id=253
2016	12240	11	257	Georgia	http://stats.ncaa.org/team/index/12240?org_id=257
2016	12240	11	254	Georgia St.	http://stats.ncaa.org/team/index/12240?org_id=254
2016	12240	11	255	Georgia Tech	http://stats.ncaa.org/team/index/12240?org_id=255
2016	12240	11	277	Hawaii	http://stats.ncaa.org/team/index/12240?org_id=277
2016	12240	11	288	Houston	http://stats.ncaa.org/team/index/12240?org_id=288
2016	12240	11	295	Idaho	http://stats.ncaa.org/team/index/12240?org_id=295
2016	12240	11	301	Illinois	http://stats.ncaa.org/team/index/12240?org_id=301
2016	12240	11	306	Indiana	http://stats.ncaa.org/team/index/12240?org_id=306
2016	12240	11	312	Iowa	http://stats.ncaa.org/team/index/12240?org_id=312
2016	12240	11	311	Iowa St.	http://stats.ncaa.org/team/index/12240?org_id=311
2016	12240	11	328	Kansas	http://stats.ncaa.org/team/index/12240?org_id=328
2016	12240	11	327	Kansas St.	http://stats.ncaa.org/team/index/12240?org_id=327
2016	12240	11	331	Kent St.	http://stats.ncaa.org/team/index/12240?org_id=331
2016	12240	11	334	Kentucky	http://stats.ncaa.org/team/index/12240?org_id=334
2016	12240	11	365	LSU	http://stats.ncaa.org/team/index/12240?org_id=365
2016	12240	11	671	La.-Lafayette	http://stats.ncaa.org/team/index/12240?org_id=671
2016	12240	11	498	La.-Monroe	http://stats.ncaa.org/team/index/12240?org_id=498
2016	12240	11	366	Louisiana Tech	http://stats.ncaa.org/team/index/12240?org_id=366
2016	12240	11	367	Louisville	http://stats.ncaa.org/team/index/12240?org_id=367
2016	12240	11	388	Marshall	http://stats.ncaa.org/team/index/12240?org_id=388
2016	12240	11	392	Maryland	http://stats.ncaa.org/team/index/12240?org_id=392
2016	12240	11	400	Massachusetts	http://stats.ncaa.org/team/index/12240?org_id=400
2016	12240	11	404	Memphis	http://stats.ncaa.org/team/index/12240?org_id=404
2016	12240	11	415	Miami (FL)	http://stats.ncaa.org/team/index/12240?org_id=415
2016	12240	11	414	Miami (OH)	http://stats.ncaa.org/team/index/12240?org_id=414
2016	12240	11	418	Michigan	http://stats.ncaa.org/team/index/12240?org_id=418
2016	12240	11	416	Michigan St.	http://stats.ncaa.org/team/index/12240?org_id=416
2016	12240	11	419	Middle Tenn.	http://stats.ncaa.org/team/index/12240?org_id=419
2016	12240	11	428	Minnesota	http://stats.ncaa.org/team/index/12240?org_id=428
2016	12240	11	430	Mississippi St.	http://stats.ncaa.org/team/index/12240?org_id=430
2016	12240	11	434	Missouri	http://stats.ncaa.org/team/index/12240?org_id=434
2016	12240	11	726	Navy	http://stats.ncaa.org/team/index/12240?org_id=726
2016	12240	11	463	Nebraska	http://stats.ncaa.org/team/index/12240?org_id=463
2016	12240	11	466	Nevada	http://stats.ncaa.org/team/index/12240?org_id=466
2016	12240	11	473	New Mexico	http://stats.ncaa.org/team/index/12240?org_id=473
2016	12240	11	472	New Mexico St.	http://stats.ncaa.org/team/index/12240?org_id=472
2016	12240	11	457	North Carolina	http://stats.ncaa.org/team/index/12240?org_id=457
2016	12240	11	490	North Carolina St.	http://stats.ncaa.org/team/index/12240?org_id=490
2016	12240	11	497	North Texas	http://stats.ncaa.org/team/index/12240?org_id=497
2016	12240	11	503	Northern Ill.	http://stats.ncaa.org/team/index/12240?org_id=503
2016	12240	11	509	Northwestern	http://stats.ncaa.org/team/index/12240?org_id=509
2016	12240	11	513	Notre Dame	http://stats.ncaa.org/team/index/12240?org_id=513
2016	12240	11	519	Ohio	http://stats.ncaa.org/team/index/12240?org_id=519
2016	12240	11	518	Ohio St.	http://stats.ncaa.org/team/index/12240?org_id=518
2016	12240	11	522	Oklahoma	http://stats.ncaa.org/team/index/12240?org_id=522
2016	12240	11	521	Oklahoma St.	http://stats.ncaa.org/team/index/12240?org_id=521
2016	12240	11	523	Old Dominion	http://stats.ncaa.org/team/index/12240?org_id=523
2016	12240	11	433	Ole Miss	http://stats.ncaa.org/team/index/12240?org_id=433
2016	12240	11	529	Oregon	http://stats.ncaa.org/team/index/12240?org_id=529
2016	12240	11	528	Oregon St.	http://stats.ncaa.org/team/index/12240?org_id=528
2016	12240	11	539	Penn St.	http://stats.ncaa.org/team/index/12240?org_id=539
2016	12240	11	545	Pittsburgh	http://stats.ncaa.org/team/index/12240?org_id=545
2016	12240	11	559	Purdue	http://stats.ncaa.org/team/index/12240?org_id=559
2016	12240	11	574	Rice	http://stats.ncaa.org/team/index/12240?org_id=574
2016	12240	11	587	Rutgers	http://stats.ncaa.org/team/index/12240?org_id=587
2016	12240	11	663	SMU	http://stats.ncaa.org/team/index/12240?org_id=663
2016	12240	11	626	San Diego St.	http://stats.ncaa.org/team/index/12240?org_id=626
2016	12240	11	630	San Jose St.	http://stats.ncaa.org/team/index/12240?org_id=630
2016	12240	11	646	South Ala.	http://stats.ncaa.org/team/index/12240?org_id=646
2016	12240	11	648	South Carolina	http://stats.ncaa.org/team/index/12240?org_id=648
2016	12240	11	651	South Fla.	http://stats.ncaa.org/team/index/12240?org_id=651
2016	12240	11	657	Southern California	http://stats.ncaa.org/team/index/12240?org_id=657
2016	12240	11	664	Southern Miss.	http://stats.ncaa.org/team/index/12240?org_id=664
2016	12240	11	674	Stanford	http://stats.ncaa.org/team/index/12240?org_id=674
2016	12240	11	688	Syracuse	http://stats.ncaa.org/team/index/12240?org_id=688
2016	12240	11	698	TCU	http://stats.ncaa.org/team/index/12240?org_id=698
2016	12240	11	690	Temple	http://stats.ncaa.org/team/index/12240?org_id=690
2016	12240	11	694	Tennessee	http://stats.ncaa.org/team/index/12240?org_id=694
2016	12240	11	703	Texas	http://stats.ncaa.org/team/index/12240?org_id=703
2016	12240	11	697	Texas A&M	http://stats.ncaa.org/team/index/12240?org_id=697
2016	12240	11	670	Texas St.	http://stats.ncaa.org/team/index/12240?org_id=670
2016	12240	11	700	Texas Tech	http://stats.ncaa.org/team/index/12240?org_id=700
2016	12240	11	709	Toledo	http://stats.ncaa.org/team/index/12240?org_id=709
2016	12240	11	716	Troy	http://stats.ncaa.org/team/index/12240?org_id=716
2016	12240	11	718	Tulane	http://stats.ncaa.org/team/index/12240?org_id=718
2016	12240	11	719	Tulsa	http://stats.ncaa.org/team/index/12240?org_id=719
2016	12240	11	128	UCF	http://stats.ncaa.org/team/index/12240?org_id=128
2016	12240	11	110	UCLA	http://stats.ncaa.org/team/index/12240?org_id=110
2016	12240	11	164	UConn	http://stats.ncaa.org/team/index/12240?org_id=164
2016	12240	11	465	UNLV	http://stats.ncaa.org/team/index/12240?org_id=465
2016	12240	11	704	UTEP	http://stats.ncaa.org/team/index/12240?org_id=704
2016	12240	11	706	UTSA	http://stats.ncaa.org/team/index/12240?org_id=706
2016	12240	11	732	Utah	http://stats.ncaa.org/team/index/12240?org_id=732
2016	12240	11	731	Utah St.	http://stats.ncaa.org/team/index/12240?org_id=731
2016	12240	11	736	Vanderbilt	http://stats.ncaa.org/team/index/12240?org_id=736
2016	12240	11	746	Virginia	http://stats.ncaa.org/team/index/12240?org_id=746
2016	12240	11	742	Virginia Tech	http://stats.ncaa.org/team/index/12240?org_id=742
2016	12240	11	749	Wake Forest	http://stats.ncaa.org/team/index/12240?org_id=749
2016	12240	11	756	Washington	http://stats.ncaa.org/team/index/12240?org_id=756
2016	12240	11	754	Washington St.	http://stats.ncaa.org/team/index/12240?org_id=754
2016	12240	11	768	West Virginia	http://stats.ncaa.org/team/index/12240?org_id=768
2016	12240	11	772	Western Ky.	http://stats.ncaa.org/team/index/12240?org_id=772
2016	12240	11	774	Western Mich.	http://stats.ncaa.org/team/index/12240?org_id=774
2016	12240	11	796	Wisconsin	http://stats.ncaa.org/team/index/12240?org_id=796
2016	12240	11	811	Wyoming	http://stats.ncaa.org/team/index/12240?org_id=811
2016	12240	12	2	Abilene Christian	http://stats.ncaa.org/team/index/12240?org_id=2
2016	12240	12	6	Alabama A&M	http://stats.ncaa.org/team/index/12240?org_id=6
2016	12240	12	7	Alabama St.	http://stats.ncaa.org/team/index/12240?org_id=7
2016	12240	12	14	Albany (NY)	http://stats.ncaa.org/team/index/12240?org_id=14
2016	12240	12	17	Alcorn	http://stats.ncaa.org/team/index/12240?org_id=17
2016	12240	12	2678	Ark.-Pine Bluff	http://stats.ncaa.org/team/index/12240?org_id=2678
2016	12240	12	43	Austin Peay	http://stats.ncaa.org/team/index/12240?org_id=43
2016	12240	12	61	Bethune-Cookman	http://stats.ncaa.org/team/index/12240?org_id=61
2016	12240	12	80	Brown	http://stats.ncaa.org/team/index/12240?org_id=80
2016	12240	12	81	Bryant	http://stats.ncaa.org/team/index/12240?org_id=81
2016	12240	12	83	Bucknell	http://stats.ncaa.org/team/index/12240?org_id=83
2016	12240	12	87	Butler	http://stats.ncaa.org/team/index/12240?org_id=87
2016	12240	12	90	Cal Poly	http://stats.ncaa.org/team/index/12240?org_id=90
2016	12240	12	115	Campbell	http://stats.ncaa.org/team/index/12240?org_id=115
2016	12240	12	1004	Central Ark.	http://stats.ncaa.org/team/index/12240?org_id=1004
2016	12240	12	127	Central Conn. St.	http://stats.ncaa.org/team/index/12240?org_id=127
2016	12240	12	48	Charleston So.	http://stats.ncaa.org/team/index/12240?org_id=48
2016	12240	12	693	Chattanooga	http://stats.ncaa.org/team/index/12240?org_id=693
2016	12240	12	141	Citadel	http://stats.ncaa.org/team/index/12240?org_id=141
2016	12240	12	149	Coastal Caro.	http://stats.ncaa.org/team/index/12240?org_id=149
2016	12240	12	153	Colgate	http://stats.ncaa.org/team/index/12240?org_id=153
2016	12240	12	158	Columbia	http://stats.ncaa.org/team/index/12240?org_id=158
2016	12240	12	167	Cornell	http://stats.ncaa.org/team/index/12240?org_id=167
2016	12240	12	172	Dartmouth	http://stats.ncaa.org/team/index/12240?org_id=172
2016	12240	12	173	Davidson	http://stats.ncaa.org/team/index/12240?org_id=173
2016	12240	12	175	Dayton	http://stats.ncaa.org/team/index/12240?org_id=175
2016	12240	12	180	Delaware	http://stats.ncaa.org/team/index/12240?org_id=180
2016	12240	12	178	Delaware St.	http://stats.ncaa.org/team/index/12240?org_id=178
2016	12240	12	189	Drake	http://stats.ncaa.org/team/index/12240?org_id=189
2016	12240	12	194	Duquesne	http://stats.ncaa.org/team/index/12240?org_id=194
2016	12240	12	198	ETSU	http://stats.ncaa.org/team/index/12240?org_id=198
2016	12240	12	201	Eastern Ill.	http://stats.ncaa.org/team/index/12240?org_id=201
2016	12240	12	202	Eastern Ky.	http://stats.ncaa.org/team/index/12240?org_id=202
2016	12240	12	207	Eastern Wash.	http://stats.ncaa.org/team/index/12240?org_id=207
2016	12240	12	1068	Elon	http://stats.ncaa.org/team/index/12240?org_id=1068
2016	12240	12	228	Florida A&M	http://stats.ncaa.org/team/index/12240?org_id=228
2016	12240	12	236	Fordham	http://stats.ncaa.org/team/index/12240?org_id=236
2016	12240	12	244	Furman	http://stats.ncaa.org/team/index/12240?org_id=244
2016	12240	12	1092	Gardner-Webb	http://stats.ncaa.org/team/index/12240?org_id=1092
2016	12240	12	251	Georgetown	http://stats.ncaa.org/team/index/12240?org_id=251
2016	12240	12	261	Grambling	http://stats.ncaa.org/team/index/12240?org_id=261
2016	12240	12	270	Hampton	http://stats.ncaa.org/team/index/12240?org_id=270
2016	12240	12	275	Harvard	http://stats.ncaa.org/team/index/12240?org_id=275
2016	12240	12	285	Holy Cross	http://stats.ncaa.org/team/index/12240?org_id=285
2016	12240	12	287	Houston Baptist	http://stats.ncaa.org/team/index/12240?org_id=287
2016	12240	12	290	Howard	http://stats.ncaa.org/team/index/12240?org_id=290
2016	12240	12	294	Idaho St.	http://stats.ncaa.org/team/index/12240?org_id=294
2016	12240	12	299	Illinois St.	http://stats.ncaa.org/team/index/12240?org_id=299
2016	12240	12	2743	Incarnate Word	http://stats.ncaa.org/team/index/12240?org_id=2743
2016	12240	12	305	Indiana St.	http://stats.ncaa.org/team/index/12240?org_id=305
2016	12240	12	314	Jackson St.	http://stats.ncaa.org/team/index/12240?org_id=314
2016	12240	12	316	Jacksonville	http://stats.ncaa.org/team/index/12240?org_id=316
2016	12240	12	315	Jacksonville St.	http://stats.ncaa.org/team/index/12240?org_id=315
2016	12240	12	317	James Madison	http://stats.ncaa.org/team/index/12240?org_id=317
2016	12240	12	1157	Kennesaw St.	http://stats.ncaa.org/team/index/12240?org_id=1157
2016	12240	12	342	Lafayette	http://stats.ncaa.org/team/index/12240?org_id=342
2016	12240	12	346	Lamar	http://stats.ncaa.org/team/index/12240?org_id=346
2016	12240	12	352	Lehigh	http://stats.ncaa.org/team/index/12240?org_id=352
2016	12240	12	355	Liberty	http://stats.ncaa.org/team/index/12240?org_id=355
2016	12240	12	380	Maine	http://stats.ncaa.org/team/index/12240?org_id=380
2016	12240	12	386	Marist	http://stats.ncaa.org/team/index/12240?org_id=386
2016	12240	12	402	McNeese St.	http://stats.ncaa.org/team/index/12240?org_id=402
2016	12240	12	406	Mercer	http://stats.ncaa.org/team/index/12240?org_id=406
2016	12240	12	432	Mississippi Val.	http://stats.ncaa.org/team/index/12240?org_id=432
2016	12240	12	669	Missouri St.	http://stats.ncaa.org/team/index/12240?org_id=669
2016	12240	12	439	Monmouth	http://stats.ncaa.org/team/index/12240?org_id=439
2016	12240	12	441	Montana	http://stats.ncaa.org/team/index/12240?org_id=441
2016	12240	12	440	Montana St.	http://stats.ncaa.org/team/index/12240?org_id=440
2016	12240	12	444	Morehead St.	http://stats.ncaa.org/team/index/12240?org_id=444
2016	12240	12	446	Morgan St.	http://stats.ncaa.org/team/index/12240?org_id=446
2016	12240	12	454	Murray St.	http://stats.ncaa.org/team/index/12240?org_id=454
2016	12240	12	488	N.C. A&T	http://stats.ncaa.org/team/index/12240?org_id=488
2016	12240	12	489	N.C. Central	http://stats.ncaa.org/team/index/12240?org_id=489
2016	12240	12	469	New Hampshire	http://stats.ncaa.org/team/index/12240?org_id=469
2016	12240	12	483	Nicholls St.	http://stats.ncaa.org/team/index/12240?org_id=483
2016	12240	12	485	Norfolk St.	http://stats.ncaa.org/team/index/12240?org_id=485
2016	12240	12	494	North Dakota	http://stats.ncaa.org/team/index/12240?org_id=494
2016	12240	12	493	North Dakota St.	http://stats.ncaa.org/team/index/12240?org_id=493
2016	12240	12	501	Northern Ariz.	http://stats.ncaa.org/team/index/12240?org_id=501
2016	12240	12	502	Northern Colo.	http://stats.ncaa.org/team/index/12240?org_id=502
2016	12240	12	508	Northwestern St.	http://stats.ncaa.org/team/index/12240?org_id=508
2016	12240	12	540	Penn	http://stats.ncaa.org/team/index/12240?org_id=540
2016	12240	12	550	Portland St.	http://stats.ncaa.org/team/index/12240?org_id=550
2016	12240	12	553	Prairie View	http://stats.ncaa.org/team/index/12240?org_id=553
2016	12240	12	1320	Presbyterian	http://stats.ncaa.org/team/index/12240?org_id=1320
2016	12240	12	554	Princeton	http://stats.ncaa.org/team/index/12240?org_id=554
2016	12240	12	572	Rhode Island	http://stats.ncaa.org/team/index/12240?org_id=572
2016	12240	12	575	Richmond	http://stats.ncaa.org/team/index/12240?org_id=575
2016	12240	12	579	Robert Morris	http://stats.ncaa.org/team/index/12240?org_id=579
2016	12240	12	102	Sacramento St.	http://stats.ncaa.org/team/index/12240?org_id=102
2016	12240	12	590	Sacred Heart	http://stats.ncaa.org/team/index/12240?org_id=590
2016	12240	12	600	Saint Francis (PA)	http://stats.ncaa.org/team/index/12240?org_id=600
2016	12240	12	624	Sam Houston St.	http://stats.ncaa.org/team/index/12240?org_id=624
2016	12240	12	625	Samford	http://stats.ncaa.org/team/index/12240?org_id=625
2016	12240	12	627	San Diego	http://stats.ncaa.org/team/index/12240?org_id=627
2016	12240	12	632	Savannah St.	http://stats.ncaa.org/team/index/12240?org_id=632
2016	12240	12	647	South Carolina St.	http://stats.ncaa.org/team/index/12240?org_id=647
2016	12240	12	650	South Dakota	http://stats.ncaa.org/team/index/12240?org_id=650
2016	12240	12	649	South Dakota St.	http://stats.ncaa.org/team/index/12240?org_id=649
2016	12240	12	654	Southeast Mo. St.	http://stats.ncaa.org/team/index/12240?org_id=654
2016	12240	12	655	Southeastern La.	http://stats.ncaa.org/team/index/12240?org_id=655
2016	12240	12	659	Southern Ill.	http://stats.ncaa.org/team/index/12240?org_id=659
2016	12240	12	665	Southern U.	http://stats.ncaa.org/team/index/12240?org_id=665
2016	12240	12	667	Southern Utah	http://stats.ncaa.org/team/index/12240?org_id=667
2016	12240	12	676	Stephen F. Austin	http://stats.ncaa.org/team/index/12240?org_id=676
2016	12240	12	678	Stetson	http://stats.ncaa.org/team/index/12240?org_id=678
2016	12240	12	683	Stony Brook	http://stats.ncaa.org/team/index/12240?org_id=683
2016	12240	12	691	Tennessee St.	http://stats.ncaa.org/team/index/12240?org_id=691
2016	12240	12	692	Tennessee Tech	http://stats.ncaa.org/team/index/12240?org_id=692
2016	12240	12	699	Texas Southern	http://stats.ncaa.org/team/index/12240?org_id=699
2016	12240	12	711	Towson	http://stats.ncaa.org/team/index/12240?org_id=711
2016	12240	12	108	UC Davis	http://stats.ncaa.org/team/index/12240?org_id=108
2016	12240	12	504	UNI	http://stats.ncaa.org/team/index/12240?org_id=504
2016	12240	12	695	UT Martin	http://stats.ncaa.org/team/index/12240?org_id=695
2016	12240	12	741	VMI	http://stats.ncaa.org/team/index/12240?org_id=741
2016	12240	12	735	Valparaiso	http://stats.ncaa.org/team/index/12240?org_id=735
2016	12240	12	739	Villanova	http://stats.ncaa.org/team/index/12240?org_id=739
2016	12240	12	748	Wagner	http://stats.ncaa.org/team/index/12240?org_id=748
2016	12240	12	758	Weber St.	http://stats.ncaa.org/team/index/12240?org_id=758
2016	12240	12	769	Western Caro.	http://stats.ncaa.org/team/index/12240?org_id=769
2016	12240	12	771	Western Ill.	http://stats.ncaa.org/team/index/12240?org_id=771
2016	12240	12	786	William & Mary	http://stats.ncaa.org/team/index/12240?org_id=786
2016	12240	12	2915	Wofford	http://stats.ncaa.org/team/index/12240?org_id=2915
2016	12240	12	813	Yale	http://stats.ncaa.org/team/index/12240?org_id=813
2016	12240	12	817	Youngstown St.	http://stats.ncaa.org/team/index/12240?org_id=817
2016	12240	2	929	Adams St.	http://stats.ncaa.org/team/index/12240?org_id=929
2016	12240	2	13	Albany St. (GA)	http://stats.ncaa.org/team/index/12240?org_id=13
2016	12240	2	934	Alderson Broaddus	http://stats.ncaa.org/team/index/12240?org_id=934
2016	12240	2	22	American Int'l	http://stats.ncaa.org/team/index/12240?org_id=22
2016	12240	2	25	Angelo St.	http://stats.ncaa.org/team/index/12240?org_id=25
2016	12240	2	8411	Ark.-Monticello	http://stats.ncaa.org/team/index/12240?org_id=8411
2016	12240	2	947	Arkansas Tech	http://stats.ncaa.org/team/index/12240?org_id=947
2016	12240	2	35	Ashland	http://stats.ncaa.org/team/index/12240?org_id=35
2016	12240	2	36	Assumption	http://stats.ncaa.org/team/index/12240?org_id=36
2016	12240	2	41	Augustana (SD)	http://stats.ncaa.org/team/index/12240?org_id=41
2016	12240	2	30146	Azusa Pacific	http://stats.ncaa.org/team/index/12240?org_id=30146
2016	12240	2	54	Bemidji St.	http://stats.ncaa.org/team/index/12240?org_id=54
2016	12240	2	55	Benedict	http://stats.ncaa.org/team/index/12240?org_id=55
2016	12240	2	56	Bentley	http://stats.ncaa.org/team/index/12240?org_id=56
2016	12240	2	30134	Black Hills St.	http://stats.ncaa.org/team/index/12240?org_id=30134
2016	12240	2	65	Bloomsburg	http://stats.ncaa.org/team/index/12240?org_id=65
2016	12240	2	70	Bowie St.	http://stats.ncaa.org/team/index/12240?org_id=70
2016	12240	2	30094	Brevard	http://stats.ncaa.org/team/index/12240?org_id=30094
2016	12240	2	106	California (PA)	http://stats.ncaa.org/team/index/12240?org_id=106
2016	12240	2	1000	Carson-Newman	http://stats.ncaa.org/team/index/12240?org_id=1000
2016	12240	2	1001	Catawba	http://stats.ncaa.org/team/index/12240?org_id=1001
2016	12240	2	130	Central Mo.	http://stats.ncaa.org/team/index/12240?org_id=130
2016	12240	2	1009	Central Okla.	http://stats.ncaa.org/team/index/12240?org_id=1009
2016	12240	2	30049	Central St. (OH)	http://stats.ncaa.org/team/index/12240?org_id=30049
2016	12240	2	1010	Central Wash.	http://stats.ncaa.org/team/index/12240?org_id=1010
2016	12240	2	1012	Chadron St.	http://stats.ncaa.org/team/index/12240?org_id=1012
2016	12240	2	1013	Charleston (WV)	http://stats.ncaa.org/team/index/12240?org_id=1013
2016	12240	2	135	Cheyney	http://stats.ncaa.org/team/index/12240?org_id=135
2016	12240	2	8875	Chowan	http://stats.ncaa.org/team/index/12240?org_id=8875
2016	12240	2	143	Clarion	http://stats.ncaa.org/team/index/12240?org_id=143
2016	12240	2	144	Clark Atlanta	http://stats.ncaa.org/team/index/12240?org_id=144
2016	12240	2	11416	Colorado Mesa	http://stats.ncaa.org/team/index/12240?org_id=11416
2016	12240	2	155	Colorado Mines	http://stats.ncaa.org/team/index/12240?org_id=155
2016	12240	2	2720	Colorado St.-Pueblo	http://stats.ncaa.org/team/index/12240?org_id=2720
2016	12240	2	1028	Concord	http://stats.ncaa.org/team/index/12240?org_id=1028
2016	12240	2	9081	Concordia-St. Paul	http://stats.ncaa.org/team/index/12240?org_id=9081
2016	12240	2	181	Delta St.	http://stats.ncaa.org/team/index/12240?org_id=181
2016	12240	2	30095	Dixie St.	http://stats.ncaa.org/team/index/12240?org_id=30095
2016	12240	2	8965	East Central	http://stats.ncaa.org/team/index/12240?org_id=8965
2016	12240	2	197	East Stroudsburg	http://stats.ncaa.org/team/index/12240?org_id=197
2016	12240	2	206	Eastern N.M.	http://stats.ncaa.org/team/index/12240?org_id=206
2016	12240	2	209	Edinboro	http://stats.ncaa.org/team/index/12240?org_id=209
2016	12240	2	210	Elizabeth City St.	http://stats.ncaa.org/team/index/12240?org_id=210
2016	12240	2	1071	Emporia St.	http://stats.ncaa.org/team/index/12240?org_id=1071
2016	12240	2	1076	Fairmont St.	http://stats.ncaa.org/team/index/12240?org_id=1076
2016	12240	2	223	Fayetteville St.	http://stats.ncaa.org/team/index/12240?org_id=223
2016	12240	2	224	Ferris St.	http://stats.ncaa.org/team/index/12240?org_id=224
2016	12240	2	1079	Findlay	http://stats.ncaa.org/team/index/12240?org_id=1079
2016	12240	2	230	Florida Tech	http://stats.ncaa.org/team/index/12240?org_id=230
2016	12240	2	9011	Fort Hays St.	http://stats.ncaa.org/team/index/12240?org_id=9011
2016	12240	2	1083	Fort Lewis	http://stats.ncaa.org/team/index/12240?org_id=1083
2016	12240	2	237	Fort Valley St.	http://stats.ncaa.org/team/index/12240?org_id=237
2016	12240	2	246	Gannon	http://stats.ncaa.org/team/index/12240?org_id=246
2016	12240	2	1098	Glenville St.	http://stats.ncaa.org/team/index/12240?org_id=1098
2016	12240	2	262	Grand Valley St.	http://stats.ncaa.org/team/index/12240?org_id=262
2016	12240	2	1116	Harding	http://stats.ncaa.org/team/index/12240?org_id=1116
2016	12240	2	1123	Henderson St.	http://stats.ncaa.org/team/index/12240?org_id=1123
2016	12240	2	280	Hillsdale	http://stats.ncaa.org/team/index/12240?org_id=280
2016	12240	2	291	Humboldt St.	http://stats.ncaa.org/team/index/12240?org_id=291
2016	12240	2	307	Indiana (PA)	http://stats.ncaa.org/team/index/12240?org_id=307
2016	12240	2	323	Johnson C. Smith	http://stats.ncaa.org/team/index/12240?org_id=323
2016	12240	2	332	Kentucky St.	http://stats.ncaa.org/team/index/12240?org_id=332
2016	12240	2	339	Kutztown	http://stats.ncaa.org/team/index/12240?org_id=339
2016	12240	2	333	Ky. Wesleyan	http://stats.ncaa.org/team/index/12240?org_id=333
2016	12240	2	362	LIU Post	http://stats.ncaa.org/team/index/12240?org_id=362
2016	12240	2	2746	Lake Erie	http://stats.ncaa.org/team/index/12240?org_id=2746
2016	12240	2	347	Lane	http://stats.ncaa.org/team/index/12240?org_id=347
2016	12240	2	1170	Lenoir-Rhyne	http://stats.ncaa.org/team/index/12240?org_id=1170
2016	12240	2	1174	Limestone	http://stats.ncaa.org/team/index/12240?org_id=1174
2016	12240	2	356	Lincoln (MO)	http://stats.ncaa.org/team/index/12240?org_id=356
2016	12240	2	357	Lincoln (PA)	http://stats.ncaa.org/team/index/12240?org_id=357
2016	12240	2	30136	Lindenwood (MO)	http://stats.ncaa.org/team/index/12240?org_id=30136
2016	12240	2	359	Livingstone	http://stats.ncaa.org/team/index/12240?org_id=359
2016	12240	2	360	Lock Haven	http://stats.ncaa.org/team/index/12240?org_id=360
2016	12240	2	30137	Malone	http://stats.ncaa.org/team/index/12240?org_id=30137
2016	12240	2	1199	Mars Hill	http://stats.ncaa.org/team/index/12240?org_id=1199
2016	12240	2	30075	Mary	http://stats.ncaa.org/team/index/12240?org_id=30075
2016	12240	2	395	Maryville (MO)	http://stats.ncaa.org/team/index/12240?org_id=395
2016	12240	2	30138	McKendree	http://stats.ncaa.org/team/index/12240?org_id=30138
2016	12240	2	8530	McMurry	http://stats.ncaa.org/team/index/12240?org_id=8530
2016	12240	2	408	Mercyhurst	http://stats.ncaa.org/team/index/12240?org_id=408
2016	12240	2	410	Merrimack	http://stats.ncaa.org/team/index/12240?org_id=410
2016	12240	2	417	Michigan Tech	http://stats.ncaa.org/team/index/12240?org_id=417
2016	12240	2	1222	Midwestern St.	http://stats.ncaa.org/team/index/12240?org_id=1222
2016	12240	2	422	Miles	http://stats.ncaa.org/team/index/12240?org_id=422
2016	12240	2	423	Millersville	http://stats.ncaa.org/team/index/12240?org_id=423
2016	12240	2	427	Minn. Duluth	http://stats.ncaa.org/team/index/12240?org_id=427
2016	12240	2	383	Minn. St. Mankato	http://stats.ncaa.org/team/index/12240?org_id=383
2016	12240	2	1240	Minn. St. Moorhead	http://stats.ncaa.org/team/index/12240?org_id=1240
2016	12240	2	27854	Minn.-Crookston	http://stats.ncaa.org/team/index/12240?org_id=27854
2016	12240	2	30125	Minot St.	http://stats.ncaa.org/team/index/12240?org_id=30125
2016	12240	2	429	Mississippi Col.	http://stats.ncaa.org/team/index/12240?org_id=429
2016	12240	2	435	Missouri S&T	http://stats.ncaa.org/team/index/12240?org_id=435
2016	12240	2	9012	Mo. Southern St.	http://stats.ncaa.org/team/index/12240?org_id=9012
2016	12240	2	9013	Mo. Western St.	http://stats.ncaa.org/team/index/12240?org_id=9013
2016	12240	2	445	Morehouse	http://stats.ncaa.org/team/index/12240?org_id=445
2016	12240	2	8577	N.M. Highlands	http://stats.ncaa.org/team/index/12240?org_id=8577
2016	12240	2	1156	Neb.-Kearney	http://stats.ncaa.org/team/index/12240?org_id=1156
2016	12240	2	470	New Haven	http://stats.ncaa.org/team/index/12240?org_id=470
2016	12240	2	1257	Newberry	http://stats.ncaa.org/team/index/12240?org_id=1257
2016	12240	2	487	North Ala.	http://stats.ncaa.org/team/index/12240?org_id=487
2016	12240	2	9223	North Greenville	http://stats.ncaa.org/team/index/12240?org_id=9223
2016	12240	2	12810	Northeastern St.	http://stats.ncaa.org/team/index/12240?org_id=12810
2016	12240	2	506	Northern Mich.	http://stats.ncaa.org/team/index/12240?org_id=506
2016	12240	2	1266	Northern St.	http://stats.ncaa.org/team/index/12240?org_id=1266
2016	12240	2	507	Northwest Mo. St.	http://stats.ncaa.org/team/index/12240?org_id=507
2016	12240	2	30178	Northwestern Okla.	http://stats.ncaa.org/team/index/12240?org_id=30178
2016	12240	2	510	Northwood (MI)	http://stats.ncaa.org/team/index/12240?org_id=510
2016	12240	2	30126	Notre Dame (OH)	http://stats.ncaa.org/team/index/12240?org_id=30126
2016	12240	2	30119	Ohio Dominican	http://stats.ncaa.org/team/index/12240?org_id=30119
2016	12240	2	30202	Okla. Baptist	http://stats.ncaa.org/team/index/12240?org_id=30202
2016	12240	2	24342	Okla. Panhandle	http://stats.ncaa.org/team/index/12240?org_id=24342
2016	12240	2	1289	Ouachita Baptist	http://stats.ncaa.org/team/index/12240?org_id=1289
2016	12240	2	533	Pace	http://stats.ncaa.org/team/index/12240?org_id=533
2016	12240	2	1314	Pittsburg St.	http://stats.ncaa.org/team/index/12240?org_id=1314
2016	12240	2	561	Quincy	http://stats.ncaa.org/team/index/12240?org_id=561
2016	12240	2	591	Saginaw Valley	http://stats.ncaa.org/team/index/12240?org_id=591
2016	12240	2	594	Saint Augustine's	http://stats.ncaa.org/team/index/12240?org_id=594
2016	12240	2	30063	Seton Hill	http://stats.ncaa.org/team/index/12240?org_id=30063
2016	12240	2	636	Shaw	http://stats.ncaa.org/team/index/12240?org_id=636
2016	12240	2	10870	Shepherd	http://stats.ncaa.org/team/index/12240?org_id=10870
2016	12240	2	638	Shippensburg	http://stats.ncaa.org/team/index/12240?org_id=638
2016	12240	2	30151	Shorter	http://stats.ncaa.org/team/index/12240?org_id=30151
2016	12240	2	30127	Simon Fraser	http://stats.ncaa.org/team/index/12240?org_id=30127
2016	12240	2	30128	Sioux Falls	http://stats.ncaa.org/team/index/12240?org_id=30128
2016	12240	2	643	Slippery Rock	http://stats.ncaa.org/team/index/12240?org_id=643
2016	12240	2	30139	South Dakota Mines	http://stats.ncaa.org/team/index/12240?org_id=30139
2016	12240	2	1371	Southeastern Okla.	http://stats.ncaa.org/team/index/12240?org_id=1371
2016	12240	2	1376	Southern Ark.	http://stats.ncaa.org/team/index/12240?org_id=1376
2016	12240	2	658	Southern Conn. St.	http://stats.ncaa.org/team/index/12240?org_id=658
2016	12240	2	30152	Southern Nazarene	http://stats.ncaa.org/team/index/12240?org_id=30152
2016	12240	2	2755	Southwest Baptist	http://stats.ncaa.org/team/index/12240?org_id=2755
2016	12240	2	8736	Southwest Minn. St.	http://stats.ncaa.org/team/index/12240?org_id=8736
2016	12240	2	8744	Southwestern Okla.	http://stats.ncaa.org/team/index/12240?org_id=8744
2016	12240	2	593	St. Anselm	http://stats.ncaa.org/team/index/12240?org_id=593
2016	12240	2	598	St. Cloud St.	http://stats.ncaa.org/team/index/12240?org_id=598
2016	12240	2	604	St. Joseph's (IN)	http://stats.ncaa.org/team/index/12240?org_id=604
2016	12240	2	680	Stillman	http://stats.ncaa.org/team/index/12240?org_id=680
2016	12240	2	682	Stonehill	http://stats.ncaa.org/team/index/12240?org_id=682
2016	12240	2	1395	Tarleton St.	http://stats.ncaa.org/team/index/12240?org_id=1395
2016	12240	2	199	Tex. A&M-Commerce	http://stats.ncaa.org/team/index/12240?org_id=199
2016	12240	2	696	Tex. A&M-Kingsville	http://stats.ncaa.org/team/index/12240?org_id=696
2016	12240	2	1403	Tiffin	http://stats.ncaa.org/team/index/12240?org_id=1403
2016	12240	2	499	Truman	http://stats.ncaa.org/team/index/12240?org_id=499
2016	12240	2	12830	Tusculum	http://stats.ncaa.org/team/index/12240?org_id=12830
2016	12240	2	720	Tuskegee	http://stats.ncaa.org/team/index/12240?org_id=720
2016	12240	2	309	UIndy	http://stats.ncaa.org/team/index/12240?org_id=309
2016	12240	2	537	UNC Pembroke	http://stats.ncaa.org/team/index/12240?org_id=537
2016	12240	2	30181	UVa-Wise	http://stats.ncaa.org/team/index/12240?org_id=30181
2016	12240	2	728	Upper Iowa	http://stats.ncaa.org/team/index/12240?org_id=728
2016	12240	2	30104	Urbana	http://stats.ncaa.org/team/index/12240?org_id=30104
2016	12240	2	734	Valdosta St.	http://stats.ncaa.org/team/index/12240?org_id=734
2016	12240	2	743	Virginia St.	http://stats.ncaa.org/team/index/12240?org_id=743
2016	12240	2	744	Virginia Union	http://stats.ncaa.org/team/index/12240?org_id=744
2016	12240	2	30141	Walsh	http://stats.ncaa.org/team/index/12240?org_id=30141
2016	12240	2	2814	Washburn	http://stats.ncaa.org/team/index/12240?org_id=2814
2016	12240	2	757	Wayne St. (MI)	http://stats.ncaa.org/team/index/12240?org_id=757
2016	12240	2	1433	Wayne St. (NE)	http://stats.ncaa.org/team/index/12240?org_id=1433
2016	12240	2	358	West Ala.	http://stats.ncaa.org/team/index/12240?org_id=358
2016	12240	2	765	West Chester	http://stats.ncaa.org/team/index/12240?org_id=765
2016	12240	2	766	West Ga.	http://stats.ncaa.org/team/index/12240?org_id=766
2016	12240	2	1438	West Liberty	http://stats.ncaa.org/team/index/12240?org_id=1438
2016	12240	2	767	West Tex. A&M	http://stats.ncaa.org/team/index/12240?org_id=767
2016	12240	2	9630	West Va. Wesleyan	http://stats.ncaa.org/team/index/12240?org_id=9630
2016	12240	2	1439	West Virginia St.	http://stats.ncaa.org/team/index/12240?org_id=1439
2016	12240	2	1445	Western N.M.	http://stats.ncaa.org/team/index/12240?org_id=1445
2016	12240	2	1446	Western Ore.	http://stats.ncaa.org/team/index/12240?org_id=1446
2016	12240	2	2759	Western St.	http://stats.ncaa.org/team/index/12240?org_id=2759
2016	12240	2	30120	William Jewell	http://stats.ncaa.org/team/index/12240?org_id=30120
2016	12240	2	1462	Wingate	http://stats.ncaa.org/team/index/12240?org_id=1462
2016	12240	2	790	Winona St.	http://stats.ncaa.org/team/index/12240?org_id=790
2016	12240	2	791	Winston-Salem	http://stats.ncaa.org/team/index/12240?org_id=791
2016	12240	3	4	Adrian	http://stats.ncaa.org/team/index/12240?org_id=4
2016	12240	3	15	Albion	http://stats.ncaa.org/team/index/12240?org_id=15
2016	12240	3	16	Albright	http://stats.ncaa.org/team/index/12240?org_id=16
2016	12240	3	18	Alfred	http://stats.ncaa.org/team/index/12240?org_id=18
2016	12240	3	19	Allegheny	http://stats.ncaa.org/team/index/12240?org_id=19
2016	12240	3	21	Alma	http://stats.ncaa.org/team/index/12240?org_id=21
2016	12240	3	24	Amherst	http://stats.ncaa.org/team/index/12240?org_id=24
2016	12240	3	939	Anderson (IN)	http://stats.ncaa.org/team/index/12240?org_id=939
2016	12240	3	26	Anna Maria	http://stats.ncaa.org/team/index/12240?org_id=26
2016	12240	3	38	Augsburg	http://stats.ncaa.org/team/index/12240?org_id=38
2016	12240	3	40	Augustana (IL)	http://stats.ncaa.org/team/index/12240?org_id=40
2016	12240	3	42	Aurora	http://stats.ncaa.org/team/index/12240?org_id=42
2016	12240	3	953	Austin	http://stats.ncaa.org/team/index/12240?org_id=953
2016	12240	3	44	Averett	http://stats.ncaa.org/team/index/12240?org_id=44
2016	12240	3	46	Baldwin Wallace	http://stats.ncaa.org/team/index/12240?org_id=46
2016	12240	3	50	Bates	http://stats.ncaa.org/team/index/12240?org_id=50
2016	12240	3	26107	Becker	http://stats.ncaa.org/team/index/12240?org_id=26107
2016	12240	3	53	Beloit	http://stats.ncaa.org/team/index/12240?org_id=53
2016	12240	3	296	Benedictine (IL)	http://stats.ncaa.org/team/index/12240?org_id=296
2016	12240	3	973	Berry	http://stats.ncaa.org/team/index/12240?org_id=973
2016	12240	3	59	Bethany (WV)	http://stats.ncaa.org/team/index/12240?org_id=59
2016	12240	3	60	Bethel (MN)	http://stats.ncaa.org/team/index/12240?org_id=60
2016	12240	3	28593	Birmingham-So.	http://stats.ncaa.org/team/index/12240?org_id=28593
2016	12240	3	987	Bluffton	http://stats.ncaa.org/team/index/12240?org_id=987
2016	12240	3	69	Bowdoin	http://stats.ncaa.org/team/index/12240?org_id=69
2016	12240	3	75	Bridgewater (VA)	http://stats.ncaa.org/team/index/12240?org_id=75
2016	12240	3	76	Bridgewater St.	http://stats.ncaa.org/team/index/12240?org_id=76
2016	12240	3	78	Brockport	http://stats.ncaa.org/team/index/12240?org_id=78
2016	12240	3	84	Buena Vista	http://stats.ncaa.org/team/index/12240?org_id=84
2016	12240	3	85	Buffalo St.	http://stats.ncaa.org/team/index/12240?org_id=85
2016	12240	3	105	Cal Lutheran	http://stats.ncaa.org/team/index/12240?org_id=105
2016	12240	3	117	Capital	http://stats.ncaa.org/team/index/12240?org_id=117
2016	12240	3	118	Carleton	http://stats.ncaa.org/team/index/12240?org_id=118
2016	12240	3	119	Carnegie Mellon	http://stats.ncaa.org/team/index/12240?org_id=119
2016	12240	3	120	Carroll (WI)	http://stats.ncaa.org/team/index/12240?org_id=120
2016	12240	3	121	Carthage	http://stats.ncaa.org/team/index/12240?org_id=121
2016	12240	3	122	Case	http://stats.ncaa.org/team/index/12240?org_id=122
2016	12240	3	123	Castleton	http://stats.ncaa.org/team/index/12240?org_id=123
2016	12240	3	124	Catholic	http://stats.ncaa.org/team/index/12240?org_id=124
2016	12240	3	126	Central (IA)	http://stats.ncaa.org/team/index/12240?org_id=126
2016	12240	3	132	Centre	http://stats.ncaa.org/team/index/12240?org_id=132
2016	12240	3	134	Chapman	http://stats.ncaa.org/team/index/12240?org_id=134
2016	12240	3	137	Chicago	http://stats.ncaa.org/team/index/12240?org_id=137
2016	12240	3	139	Chris. Newport	http://stats.ncaa.org/team/index/12240?org_id=139
2016	12240	3	142	Claremont-M-S	http://stats.ncaa.org/team/index/12240?org_id=142
2016	12240	3	722	Coast Guard	http://stats.ncaa.org/team/index/12240?org_id=722
2016	12240	3	150	Coe	http://stats.ncaa.org/team/index/12240?org_id=150
2016	12240	3	151	Colby	http://stats.ncaa.org/team/index/12240?org_id=151
2016	12240	3	160	Concordia Chicago	http://stats.ncaa.org/team/index/12240?org_id=160
2016	12240	3	1036	Concordia Wisconsin	http://stats.ncaa.org/team/index/12240?org_id=1036
2016	12240	3	161	Concordia-M'head	http://stats.ncaa.org/team/index/12240?org_id=161
2016	12240	3	166	Cornell College	http://stats.ncaa.org/team/index/12240?org_id=166
2016	12240	3	30035	Crown (MN)	http://stats.ncaa.org/team/index/12240?org_id=30035
2016	12240	3	170	Curry	http://stats.ncaa.org/team/index/12240?org_id=170
2016	12240	3	177	DePauw	http://stats.ncaa.org/team/index/12240?org_id=177
2016	12240	3	1050	Defiance	http://stats.ncaa.org/team/index/12240?org_id=1050
2016	12240	3	179	Delaware Valley	http://stats.ncaa.org/team/index/12240?org_id=179
2016	12240	3	182	Denison	http://stats.ncaa.org/team/index/12240?org_id=182
2016	12240	3	185	Dickinson	http://stats.ncaa.org/team/index/12240?org_id=185
2016	12240	3	192	Dubuque	http://stats.ncaa.org/team/index/12240?org_id=192
2016	12240	3	195	Earlham	http://stats.ncaa.org/team/index/12240?org_id=195
2016	12240	3	1062	East Tex. Baptist	http://stats.ncaa.org/team/index/12240?org_id=1062
2016	12240	3	212	Elmhurst	http://stats.ncaa.org/team/index/12240?org_id=212
2016	12240	3	216	Emory & Henry	http://stats.ncaa.org/team/index/12240?org_id=216
2016	12240	3	8981	Endicott	http://stats.ncaa.org/team/index/12240?org_id=8981
2016	12240	3	218	Eureka	http://stats.ncaa.org/team/index/12240?org_id=218
2016	12240	3	221	FDU-Florham	http://stats.ncaa.org/team/index/12240?org_id=221
2016	12240	3	225	Ferrum	http://stats.ncaa.org/team/index/12240?org_id=225
2016	12240	3	30032	Finlandia	http://stats.ncaa.org/team/index/12240?org_id=30032
2016	12240	3	227	Fitchburg St.	http://stats.ncaa.org/team/index/12240?org_id=227
2016	12240	3	238	Framingham St.	http://stats.ncaa.org/team/index/12240?org_id=238
2016	12240	3	239	Frank. & Marsh.	http://stats.ncaa.org/team/index/12240?org_id=239
2016	12240	3	2694	Franklin	http://stats.ncaa.org/team/index/12240?org_id=2694
2016	12240	3	243	Frostburg St.	http://stats.ncaa.org/team/index/12240?org_id=243
2016	12240	3	245	Gallaudet	http://stats.ncaa.org/team/index/12240?org_id=245
2016	12240	3	30084	Geneva	http://stats.ncaa.org/team/index/12240?org_id=30084
2016	12240	3	1094	George Fox	http://stats.ncaa.org/team/index/12240?org_id=1094
2016	12240	3	258	Gettysburg	http://stats.ncaa.org/team/index/12240?org_id=258
2016	12240	3	263	Greensboro	http://stats.ncaa.org/team/index/12240?org_id=263
2016	12240	3	1111	Greenville	http://stats.ncaa.org/team/index/12240?org_id=1111
2016	12240	3	264	Grinnell	http://stats.ncaa.org/team/index/12240?org_id=264
2016	12240	3	265	Grove City	http://stats.ncaa.org/team/index/12240?org_id=265
2016	12240	3	1112	Guilford	http://stats.ncaa.org/team/index/12240?org_id=1112
2016	12240	3	266	Gust. Adolphus	http://stats.ncaa.org/team/index/12240?org_id=266
2016	12240	3	267	Hamilton	http://stats.ncaa.org/team/index/12240?org_id=267
2016	12240	3	268	Hamline	http://stats.ncaa.org/team/index/12240?org_id=268
2016	12240	3	269	Hampden-Sydney	http://stats.ncaa.org/team/index/12240?org_id=269
2016	12240	3	1115	Hanover	http://stats.ncaa.org/team/index/12240?org_id=1115
2016	12240	3	271	Hardin-Simmons	http://stats.ncaa.org/team/index/12240?org_id=271
2016	12240	3	273	Hartwick	http://stats.ncaa.org/team/index/12240?org_id=273
2016	12240	3	278	Heidelberg	http://stats.ncaa.org/team/index/12240?org_id=278
2016	12240	3	1124	Hendrix	http://stats.ncaa.org/team/index/12240?org_id=1124
2016	12240	3	281	Hiram	http://stats.ncaa.org/team/index/12240?org_id=281
2016	12240	3	282	Hobart	http://stats.ncaa.org/team/index/12240?org_id=282
2016	12240	3	286	Hope	http://stats.ncaa.org/team/index/12240?org_id=286
2016	12240	3	2741	Howard Payne	http://stats.ncaa.org/team/index/12240?org_id=2741
2016	12240	3	1130	Huntingdon	http://stats.ncaa.org/team/index/12240?org_id=1130
2016	12240	3	1133	Husson	http://stats.ncaa.org/team/index/12240?org_id=1133
2016	12240	3	300	Ill. Wesleyan	http://stats.ncaa.org/team/index/12240?org_id=300
2016	12240	3	297	Illinois Col.	http://stats.ncaa.org/team/index/12240?org_id=297
2016	12240	3	313	Ithaca	http://stats.ncaa.org/team/index/12240?org_id=313
2016	12240	3	320	John Carroll	http://stats.ncaa.org/team/index/12240?org_id=320
2016	12240	3	322	Johns Hopkins	http://stats.ncaa.org/team/index/12240?org_id=322
2016	12240	3	325	Juniata	http://stats.ncaa.org/team/index/12240?org_id=325
2016	12240	3	326	Kalamazoo	http://stats.ncaa.org/team/index/12240?org_id=326
2016	12240	3	329	Kean	http://stats.ncaa.org/team/index/12240?org_id=329
2016	12240	3	335	Kenyon	http://stats.ncaa.org/team/index/12240?org_id=335
2016	12240	3	336	King's (PA)	http://stats.ncaa.org/team/index/12240?org_id=336
2016	12240	3	337	Knox	http://stats.ncaa.org/team/index/12240?org_id=337
2016	12240	3	341	La Verne	http://stats.ncaa.org/team/index/12240?org_id=341
2016	12240	3	1162	LaGrange	http://stats.ncaa.org/team/index/12240?org_id=1162
2016	12240	3	344	Lake Forest	http://stats.ncaa.org/team/index/12240?org_id=344
2016	12240	3	1164	Lakeland	http://stats.ncaa.org/team/index/12240?org_id=1164
2016	12240	3	348	Lawrence	http://stats.ncaa.org/team/index/12240?org_id=348
2016	12240	3	351	Lebanon Valley	http://stats.ncaa.org/team/index/12240?org_id=351
2016	12240	3	22235	Lewis & Clark	http://stats.ncaa.org/team/index/12240?org_id=22235
2016	12240	3	1179	Linfield	http://stats.ncaa.org/team/index/12240?org_id=1179
2016	12240	3	364	Loras	http://stats.ncaa.org/team/index/12240?org_id=364
2016	12240	3	1182	Louisiana Col.	http://stats.ncaa.org/team/index/12240?org_id=1182
2016	12240	3	372	Luther	http://stats.ncaa.org/team/index/12240?org_id=372
2016	12240	3	373	Lycoming	http://stats.ncaa.org/team/index/12240?org_id=373
2016	12240	3	398	MIT	http://stats.ncaa.org/team/index/12240?org_id=398
2016	12240	3	377	MacMurray	http://stats.ncaa.org/team/index/12240?org_id=377
2016	12240	3	376	Macalester	http://stats.ncaa.org/team/index/12240?org_id=376
2016	12240	3	378	Maine Maritime	http://stats.ncaa.org/team/index/12240?org_id=378
2016	12240	3	1192	Manchester	http://stats.ncaa.org/team/index/12240?org_id=1192
2016	12240	3	1194	Maranatha Baptist	http://stats.ncaa.org/team/index/12240?org_id=1194
2016	12240	3	385	Marietta	http://stats.ncaa.org/team/index/12240?org_id=385
2016	12240	3	8597	Martin Luther	http://stats.ncaa.org/team/index/12240?org_id=8597
2016	12240	3	1203	Mary Hardin-Baylor	http://stats.ncaa.org/team/index/12240?org_id=1203
2016	12240	3	396	Maryville (TN)	http://stats.ncaa.org/team/index/12240?org_id=396
2016	12240	3	399	Mass. Maritime	http://stats.ncaa.org/team/index/12240?org_id=399
2016	12240	3	773	McDaniel	http://stats.ncaa.org/team/index/12240?org_id=773
2016	12240	3	724	Merchant Marine	http://stats.ncaa.org/team/index/12240?org_id=724
2016	12240	3	412	Methodist	http://stats.ncaa.org/team/index/12240?org_id=412
2016	12240	3	420	Middlebury	http://stats.ncaa.org/team/index/12240?org_id=420
2016	12240	3	424	Millikin	http://stats.ncaa.org/team/index/12240?org_id=424
2016	12240	3	426	Millsaps	http://stats.ncaa.org/team/index/12240?org_id=426
2016	12240	3	1226	Minn.-Morris	http://stats.ncaa.org/team/index/12240?org_id=1226
2016	12240	3	16142	Misericordia	http://stats.ncaa.org/team/index/12240?org_id=16142
2016	12240	3	438	Monmouth (IL)	http://stats.ncaa.org/team/index/12240?org_id=438
2016	12240	3	442	Montclair St.	http://stats.ncaa.org/team/index/12240?org_id=442
2016	12240	3	443	Moravian	http://stats.ncaa.org/team/index/12240?org_id=443
2016	12240	3	30067	Morrisville St.	http://stats.ncaa.org/team/index/12240?org_id=30067
2016	12240	3	27901	Mount Ida	http://stats.ncaa.org/team/index/12240?org_id=27901
2016	12240	3	452	Mount Union	http://stats.ncaa.org/team/index/12240?org_id=452
2016	12240	3	8567	Mt. St. Joseph	http://stats.ncaa.org/team/index/12240?org_id=8567
2016	12240	3	453	Muhlenberg	http://stats.ncaa.org/team/index/12240?org_id=453
2016	12240	3	455	Muskingum	http://stats.ncaa.org/team/index/12240?org_id=455
2016	12240	3	491	N.C. Wesleyan	http://stats.ncaa.org/team/index/12240?org_id=491
2016	12240	3	462	Neb. Wesleyan	http://stats.ncaa.org/team/index/12240?org_id=462
2016	12240	3	484	Nichols	http://stats.ncaa.org/team/index/12240?org_id=484
2016	12240	3	492	North Central (IL)	http://stats.ncaa.org/team/index/12240?org_id=492
2016	12240	3	496	North Park	http://stats.ncaa.org/team/index/12240?org_id=496
2016	12240	3	30031	Northwestern-St. Paul	http://stats.ncaa.org/team/index/12240?org_id=30031
2016	12240	3	511	Norwich	http://stats.ncaa.org/team/index/12240?org_id=511
2016	12240	3	515	Oberlin	http://stats.ncaa.org/team/index/12240?org_id=515
2016	12240	3	516	Occidental	http://stats.ncaa.org/team/index/12240?org_id=516
2016	12240	3	517	Ohio Northern	http://stats.ncaa.org/team/index/12240?org_id=517
2016	12240	3	520	Ohio Wesleyan	http://stats.ncaa.org/team/index/12240?org_id=520
2016	12240	3	525	Olivet	http://stats.ncaa.org/team/index/12240?org_id=525
2016	12240	3	531	Otterbein	http://stats.ncaa.org/team/index/12240?org_id=531
2016	12240	3	2751	Pacific (OR)	http://stats.ncaa.org/team/index/12240?org_id=2751
2016	12240	3	1297	Pacific Lutheran	http://stats.ncaa.org/team/index/12240?org_id=1297
2016	12240	3	548	Plymouth St.	http://stats.ncaa.org/team/index/12240?org_id=548
2016	12240	3	549	Pomona-Pitzer	http://stats.ncaa.org/team/index/12240?org_id=549
2016	12240	3	30034	Presentation	http://stats.ncaa.org/team/index/12240?org_id=30034
2016	12240	3	557	Puget Sound	http://stats.ncaa.org/team/index/12240?org_id=557
2016	12240	3	565	Randolph-Macon	http://stats.ncaa.org/team/index/12240?org_id=565
2016	12240	3	567	Redlands	http://stats.ncaa.org/team/index/12240?org_id=567
2016	12240	3	570	Rensselaer	http://stats.ncaa.org/team/index/12240?org_id=570
2016	12240	3	573	Rhodes	http://stats.ncaa.org/team/index/12240?org_id=573
2016	12240	3	577	Ripon	http://stats.ncaa.org/team/index/12240?org_id=577
2016	12240	3	581	Rochester (NY)	http://stats.ncaa.org/team/index/12240?org_id=581
2016	12240	3	582	Rockford	http://stats.ncaa.org/team/index/12240?org_id=582
2016	12240	3	585	Rose-Hulman	http://stats.ncaa.org/team/index/12240?org_id=585
2016	12240	3	259	Rowan	http://stats.ncaa.org/team/index/12240?org_id=259
2016	12240	3	168	SUNY Cortland	http://stats.ncaa.org/team/index/12240?org_id=168
2016	12240	3	478	SUNY Maritime	http://stats.ncaa.org/team/index/12240?org_id=478
2016	12240	3	602	Saint John's (MN)	http://stats.ncaa.org/team/index/12240?org_id=602
2016	12240	3	30064	Saint Vincent	http://stats.ncaa.org/team/index/12240?org_id=30064
2016	12240	3	622	Salisbury	http://stats.ncaa.org/team/index/12240?org_id=622
2016	12240	3	623	Salve Regina	http://stats.ncaa.org/team/index/12240?org_id=623
2016	12240	3	652	Sewanee	http://stats.ncaa.org/team/index/12240?org_id=652
2016	12240	3	637	Shenandoah	http://stats.ncaa.org/team/index/12240?org_id=637
2016	12240	3	641	Simpson	http://stats.ncaa.org/team/index/12240?org_id=641
2016	12240	3	8746	Southwestern (TX)	http://stats.ncaa.org/team/index/12240?org_id=8746
2016	12240	3	673	Springfield	http://stats.ncaa.org/team/index/12240?org_id=673
2016	12240	3	601	St. John Fisher	http://stats.ncaa.org/team/index/12240?org_id=601
2016	12240	3	607	St. Lawrence	http://stats.ncaa.org/team/index/12240?org_id=607
2016	12240	3	614	St. Norbert	http://stats.ncaa.org/team/index/12240?org_id=614
2016	12240	3	615	St. Olaf	http://stats.ncaa.org/team/index/12240?org_id=615
2016	12240	3	618	St. Scholastica	http://stats.ncaa.org/team/index/12240?org_id=618
2016	12240	3	620	St. Thomas (MN)	http://stats.ncaa.org/team/index/12240?org_id=620
2016	12240	3	21852	Stevenson	http://stats.ncaa.org/team/index/12240?org_id=21852
2016	12240	3	1390	Sul Ross St.	http://stats.ncaa.org/team/index/12240?org_id=1390
2016	12240	3	685	Susquehanna	http://stats.ncaa.org/team/index/12240?org_id=685
2016	12240	3	712	TCNJ	http://stats.ncaa.org/team/index/12240?org_id=712
2016	12240	3	1400	Texas Lutheran	http://stats.ncaa.org/team/index/12240?org_id=1400
2016	12240	3	707	Thiel	http://stats.ncaa.org/team/index/12240?org_id=707
2016	12240	3	1402	Thomas More	http://stats.ncaa.org/team/index/12240?org_id=1402
2016	12240	3	30037	Trine	http://stats.ncaa.org/team/index/12240?org_id=30037
2016	12240	3	713	Trinity (CT)	http://stats.ncaa.org/team/index/12240?org_id=713
2016	12240	3	715	Trinity (TX)	http://stats.ncaa.org/team/index/12240?org_id=715
2016	12240	3	717	Tufts	http://stats.ncaa.org/team/index/12240?org_id=717
2016	12240	3	656	UMass Dartmouth	http://stats.ncaa.org/team/index/12240?org_id=656
2016	12240	3	727	Union (NY)	http://stats.ncaa.org/team/index/12240?org_id=727
2016	12240	3	730	Ursinus	http://stats.ncaa.org/team/index/12240?org_id=730
2016	12240	3	733	Utica	http://stats.ncaa.org/team/index/12240?org_id=733
2016	12240	3	808	WPI	http://stats.ncaa.org/team/index/12240?org_id=808
2016	12240	3	747	Wabash	http://stats.ncaa.org/team/index/12240?org_id=747
2016	12240	3	750	Wartburg	http://stats.ncaa.org/team/index/12240?org_id=750
2016	12240	3	751	Wash. & Jeff.	http://stats.ncaa.org/team/index/12240?org_id=751
2016	12240	3	752	Wash. & Lee	http://stats.ncaa.org/team/index/12240?org_id=752
2016	12240	3	755	Washington-St. Louis	http://stats.ncaa.org/team/index/12240?org_id=755
2016	12240	3	1434	Waynesburg	http://stats.ncaa.org/team/index/12240?org_id=1434
2016	12240	3	763	Wesley	http://stats.ncaa.org/team/index/12240?org_id=763
2016	12240	3	764	Wesleyan (CT)	http://stats.ncaa.org/team/index/12240?org_id=764
2016	12240	3	770	Western Conn. St.	http://stats.ncaa.org/team/index/12240?org_id=770
2016	12240	3	775	Western New Eng.	http://stats.ncaa.org/team/index/12240?org_id=775
2016	12240	3	777	Westfield St.	http://stats.ncaa.org/team/index/12240?org_id=777
2016	12240	3	1450	Westminster (MO)	http://stats.ncaa.org/team/index/12240?org_id=1450
2016	12240	3	1451	Westminster (PA)	http://stats.ncaa.org/team/index/12240?org_id=1451
2016	12240	3	778	Wheaton (IL)	http://stats.ncaa.org/team/index/12240?org_id=778
2016	12240	3	781	Whittier	http://stats.ncaa.org/team/index/12240?org_id=781
2016	12240	3	1454	Whitworth	http://stats.ncaa.org/team/index/12240?org_id=1454
2016	12240	3	783	Widener	http://stats.ncaa.org/team/index/12240?org_id=783
2016	12240	3	784	Wilkes	http://stats.ncaa.org/team/index/12240?org_id=784
2016	12240	3	785	Willamette	http://stats.ncaa.org/team/index/12240?org_id=785
2016	12240	3	789	Williams	http://stats.ncaa.org/team/index/12240?org_id=789
2016	12240	3	1461	Wilmington (OH)	http://stats.ncaa.org/team/index/12240?org_id=1461
2016	12240	3	8911	Wis. Lutheran	http://stats.ncaa.org/team/index/12240?org_id=8911
2016	12240	3	793	Wis.-Eau Claire	http://stats.ncaa.org/team/index/12240?org_id=793
2016	12240	3	795	Wis.-La Crosse	http://stats.ncaa.org/team/index/12240?org_id=795
2016	12240	3	798	Wis.-Oshkosh	http://stats.ncaa.org/team/index/12240?org_id=798
2016	12240	3	800	Wis.-Platteville	http://stats.ncaa.org/team/index/12240?org_id=800
2016	12240	3	801	Wis.-River Falls	http://stats.ncaa.org/team/index/12240?org_id=801
2016	12240	3	802	Wis.-Stevens Point	http://stats.ncaa.org/team/index/12240?org_id=802
2016	12240	3	803	Wis.-Stout	http://stats.ncaa.org/team/index/12240?org_id=803
2016	12240	3	805	Wis.-Whitewater	http://stats.ncaa.org/team/index/12240?org_id=805
2016	12240	3	806	Wittenberg	http://stats.ncaa.org/team/index/12240?org_id=806
2016	12240	3	787	Wm. Paterson	http://stats.ncaa.org/team/index/12240?org_id=787
2016	12240	3	807	Wooster	http://stats.ncaa.org/team/index/12240?org_id=807
2016	12240	3	809	Worcester St.	http://stats.ncaa.org/team/index/12240?org_id=809
